steps,loss,lr,ADE,FDE
50,1.4319017684459687,0.0002,4.278554081916809,6.511240358352661
100,1.056034313738346,0.0002,3.266261638402939,4.979135990142822
150,0.8808308980862299,0.0002,2.7863828198115033,4.295133130550385
200,0.7649893020093441,0.0002,2.4720567166805267,3.831695122718811
250,0.6965123525857926,0.0002,2.283101674556732,3.567296757698059
300,0.642165426214536,0.0002,2.132842587629954,3.341070065895716
350,0.5968826669454574,0.0002,2.0084114953449794,3.1514793978418623
400,0.5664908087253571,0.0002,1.9216221883893012,3.013462001979351
450,0.5370424167315165,0.0002,1.8370614031950632,2.8761876561906603
500,0.5101482210159302,0.0002,1.7609793142080308,2.7513663210868837
550,0.4895562411167405,0.0002,1.7034067744558508,2.658899193243547
600,0.4704479587326447,0.0002,1.6488055063287417,2.5705715080102283
650,0.45321482754670656,0.0002,1.6003121978503008,2.493512927568876
700,0.4384308314749173,0.0002,1.5579693056855883,2.425122444629669
750,0.42614186815420785,0.0002,1.5225772508780162,2.368146063089371
800,0.4140863029845059,0.0002,1.488250423297286,2.312284745126963
850,0.40286098411854576,0.0002,1.4564234626994415,2.2619486853655646
900,0.39313038842545617,0.0002,1.4289093465937508,2.219128221935696
950,0.383499115956457,0.0002,1.401609858211718,2.1762984371185303
1000,0.37550046734511855,0.0002,1.3784138013720513,2.1395321478843687
1050,0.36833918438071295,0.0002,1.3577815620104472,2.106017586560476
1100,0.3610638758811084,0.0002,1.336596517075192,2.0722274165803736
1150,0.35402922722308533,0.0002,1.3161665189266205,2.039903205529503
1200,0.34709078116963304,0.0002,1.2956314448018869,2.0054689990977446
1250,0.3401460492372513,0.0002,1.2755904447078705,1.9713115798473357
1300,0.3341154169692443,0.0002,1.2579059354158548,1.9425877114901176
1350,0.3284982312498269,0.0002,1.2411396188647659,1.915307070325922
1400,0.322768431758242,0.0002,1.2243187041367802,1.8879257672599383
1450,0.31735469950684186,0.0002,1.2083490972683348,1.8613784064917729
1500,0.312805530110995,0.0002,1.1949857377211253,1.8406173197031022
1550,0.3082420788465008,0.0002,1.1811117963252529,1.8177975752661306
1600,0.3038350265612826,0.0002,1.1680818723887205,1.7967675158381462
1650,0.29936730550545637,0.0002,1.154769835580479,1.7746351637623528
1700,0.29530826008056893,0.0002,1.1427392038878272,1.7547423996644862
1750,0.29124183088966776,0.0002,1.1304335898671831,1.7344011865002769
1800,0.2870452589251929,0.0002,1.1180477103922102,1.7148063215613365
1850,0.2831124192516546,0.0002,1.1064110644765803,1.6957121391231949
1900,0.2794011505144207,0.0002,1.0953729716100191,1.677743161916733
1950,0.2758456303446721,0.0002,1.0848108355815593,1.660211803821417
2000,0.2720877447910607,0.0002,1.0737683656215669,1.6415435217916965
2050,0.26866918725211447,0.0002,1.063455156931063,1.624454985798859
2100,0.26546823097126826,0.0002,1.0539565006324223,1.6087562597365606
2150,0.2622077557305957,0.0002,1.0441054048787717,1.5921050817467446
2200,0.2599138204245405,0.0002,1.0368380680002949,1.5805547560615973
2250,0.2571786474055714,0.0002,1.0284599565267563,1.5665769100983937
2300,0.2544532124536193,0.0002,1.0199405355427575,1.551805629004603
2350,0.251866323751338,0.0002,1.011908664081959,1.538061073485841
2400,0.2495558336035659,0.0002,1.0047824900473157,1.5259480031828085
2450,0.24711243722815904,0.0002,0.9972056687729699,1.513225319580156
2500,0.24504833901524545,0.0002,0.9909426680207253,1.5035342698812484
2550,0.24300008358908634,0.0002,0.9844582048233818,1.4927658620301414
2600,0.24083440235601022,0.0002,0.9779226152369609,1.4816788421227383
2650,0.2385677600806614,0.0002,0.9709816789064767,1.4700595543069659
2700,0.23654042625592814,0.0002,0.9648021937189278,1.4598650917079714
2750,0.2345320939882235,0.0002,0.9585286688587882,1.4495910341306166
2800,0.23243754509570344,0.0002,0.952017647208912,1.4388944579235146
2850,0.23047642176872807,0.0002,0.9459638783910819,1.4283861378410407
2900,0.22862544790167233,0.0002,0.9401345215172603,1.4186120065121814
2950,0.2267974495938269,0.0002,0.9342411366963791,1.408690214793561
3000,0.22495190917203825,0.0002,0.9286273896793524,1.3992585099538168
3050,0.20298669117689133,0.0002,0.8670630179047585,1.304450891852379
3100,0.193621994048357,0.0002,0.8395769780874253,1.2612226880788804
3150,0.1866633120055,0.0002,0.81892937079072,1.225858077923457
3200,0.18158725752681493,0.0002,0.803313487559557,1.1989727338155112
3250,0.17629238371178507,0.0002,0.786973227918148,1.1695144782662392
3300,0.17193528178955117,0.0002,0.7733507981002331,1.1453844814995924
3350,0.16828087803348898,0.0002,0.7616371452907721,1.1247714175979295
3400,0.16420367901151378,0.0002,0.749222455650568,1.1039883761803309
3450,0.16095605685189365,0.0002,0.7393925254543622,1.0872148605187735
3500,0.1581641271300614,0.0002,0.7306128100951512,1.0726240291198095
3550,0.15513755114997427,0.0002,0.7208160596688589,1.0563039320508638
3600,0.15245657555634776,0.0002,0.7123175906538963,1.0417195947666964
3650,0.14996577580521503,0.0002,0.7042061450680097,1.027697943131129
3700,0.1476250581877927,0.0002,0.6966382836401462,1.0150434508224329
3750,0.1450483395519356,0.0002,0.6885215421219667,1.0013137004077435
3800,0.14290350234260163,0.0002,0.68158140523235,0.9895726759533088
3850,0.14089471744249266,0.0002,0.674860374212265,0.9776384149889151
3900,0.13887980218231677,0.0002,0.668262946387132,0.9659739243189494
3950,0.13725834393625458,0.0002,0.6627392931679884,0.9563747241497039
4000,0.13518990510329604,0.0002,0.6561240625083447,0.9449633490641912
4050,0.13315727465972305,0.0002,0.649539492626985,0.9336226778825124
4100,0.13145531445617478,0.0002,0.6441502969066302,0.9245294380883375
4150,0.12979386179645855,0.0002,0.6384939088622729,0.9142250949839751
4200,0.1281766047788163,0.0002,0.6335339617033799,0.9061587023437023
4250,0.1268965786943833,0.0002,0.6291708021064599,0.8994925557871659
4300,0.12536064539973935,0.0002,0.6241655311683814,0.8909370778004329
4350,0.12389604810997844,0.0002,0.6194426639477412,0.8826087607542674
4400,0.12264311285813649,0.0002,0.6153821913401286,0.8754179797967275
4450,0.12170756794263919,0.0002,0.6123217084010442,0.8703151897788047
4500,0.12046464658280213,0.0002,0.6081571434537569,0.862796880543232
4550,0.11931210236251354,0.0002,0.6044887205461661,0.8564462806582451
4600,0.1183525873720646,0.0002,0.6010571267604828,0.8503589129646619
4650,0.11756412995358308,0.0002,0.5983597035606703,0.8459726992746194
4700,0.11653120598072807,0.0002,0.5948149238626163,0.8397896803816159
4750,0.11578657780215144,0.0002,0.5923540012637775,0.8357402744591236
4800,0.1152598587522904,0.0002,0.5902845475673676,0.8316813487907251
4850,0.11460315877074996,0.0002,0.5879490994910399,0.8274873251318932
4900,0.1140689468656977,0.0002,0.5859133798579375,0.8239861561258633
4950,0.11343060871834557,0.0002,0.5836932555238405,0.8201101022561391
5000,0.11299836390092968,0.00016,0.5818595389127731,0.8171697533130646
5050,0.11240280231585105,0.00016,0.579672174423933,0.8134283369680245
5100,0.11182849827284615,0.00016,0.5774150020182133,0.8091080830494563
5150,0.11136817226807276,0.00016,0.5756883464654287,0.806443548788627
5200,0.11031804336110751,0.00016,0.5724971135854721,0.8003617117007573
5250,0.1096436685808003,0.00016,0.5701867418885231,0.7966583300332228
5300,0.10909433257083098,0.00016,0.5683623605767886,0.7940430156687895
5350,0.10838996694485346,0.00016,0.5661503633956114,0.7902272066076597
5400,0.10774533612653613,0.00016,0.5640471191604932,0.7871015792489052
5450,0.10715624988699952,0.00016,0.5619630354642868,0.7834868828654289
5500,0.10635281155879299,0.00016,0.5592501371204853,0.7784948229193688
5550,0.10571235056842367,0.00016,0.5573172057370345,0.7753174186944961
5600,0.10527746117735902,0.00016,0.5556892141103744,0.7729131401181221
5650,0.10500800465916593,0.00016,0.5545267307758331,0.771050126661857
5700,0.1045421841442585,0.00016,0.5528054563701152,0.7681013690928619
5750,0.104103503699104,0.00016,0.5514278151293596,0.7659141308764617
5800,0.10384880312035481,0.00016,0.5504799571832021,0.7646489065984885
5850,0.10347400616606077,0.00016,0.5491109985311826,0.762636462499698
5900,0.10295366499572993,0.00016,0.5473613272507986,0.7595379066963991
5950,0.10256919349730015,0.00016,0.5460791916847229,0.7574734276632468
6000,0.10211988127728304,0.00016,0.5444750941197077,0.7548179209132989
6050,0.10168874416872858,0.00016,0.5430370006958644,0.7526768821577231
6100,0.10138593337188165,0.00016,0.5417716568410397,0.7510967053075631
6150,0.10126180091500282,0.00016,0.5411520445446173,0.7508211764991284
6200,0.10107287658502659,0.00016,0.5403288756012916,0.7498758609394233
6250,0.10100441043078899,0.00016,0.5401375691095988,0.750174368818601
6300,0.10092678394416968,0.00016,0.5397030558586121,0.7502255348960558
6350,0.10073490031808614,0.00016,0.5388758767147859,0.7489212884108225
6400,0.10072166217118501,0.00016,0.5385820090770721,0.7488404346903165
6450,0.1005116554585596,0.00016,0.5376495806177457,0.748016164223353
6500,0.10049197465057175,0.00016,0.5374228771130244,0.7486088119645914
6550,0.10054489433641235,0.00016,0.5375947401622931,0.7491077928046386
6600,0.10056147167707483,0.00016,0.5375919967691104,0.7500329462488492
6650,0.10055852797503273,0.00016,0.5373578136066596,0.7502515694399675
6700,0.10045718719189366,0.00016,0.5368355288207531,0.7495903306305408
6750,0.10042852895334363,0.00016,0.5366149493555228,0.749772421101729
6800,0.1003011621038119,0.00016,0.5359371765951315,0.7490295237104098
6850,0.10030441528807084,0.00016,0.5359380619724592,0.7495833744704723
6900,0.10014269812280933,0.00016,0.5350620154241721,0.7483855597178142
6950,0.0999702876744171,0.00016,0.5342608322103818,0.7469236856798331
7000,0.09984622776756684,0.00016,0.5335769010186195,0.7460510001182556
7050,0.09970346429447333,0.00016,0.5329211475849152,0.745187783151865
7100,0.09940607609724005,0.00016,0.5314716034730276,0.7425297000904878
7150,0.09926382859796286,0.00016,0.5309942367076874,0.7420815701782704
7200,0.0993293467797339,0.00016,0.5307550287544728,0.7418805633882681
7250,0.0993849624544382,0.00016,0.5307852725485961,0.7421360805332661
7300,0.09953772501771649,0.00016,0.5309457188546658,0.742782481054465
7350,0.0994843121295174,0.00016,0.530628758341074,0.742900719900926
7400,0.09945932447165251,0.00016,0.5301853262384733,0.7426882759332657
7450,0.09916614722584685,0.00016,0.5288458260496457,0.7404997486869495
7500,0.09900627784927686,0.00016,0.528159782419602,0.7397325983146826
7550,0.0989138913936913,0.00016,0.5277615840335687,0.7395159090658029
7600,0.09857988864307603,0.00016,0.5268853876789411,0.738573387414217
7650,0.09846128575876355,0.00016,0.5264043157498042,0.7380453925728798
7700,0.09839292364070813,0.00016,0.5261613843739033,0.7382443532049656
7750,0.09813472906500101,0.00016,0.5252616106172403,0.7369857755502065
7800,0.09787157660971085,0.00016,0.5243542737960816,0.7357423688570658
7850,0.09772744317601124,0.00016,0.5237612173060576,0.7350507555703322
7900,0.09745025550449887,0.00016,0.5227752657731374,0.7334337432384491
7950,0.09738761645679672,0.00016,0.5223347138961156,0.7331380310356617
8000,0.09727314700807134,0.00016,0.5218252993424733,0.7326583830515544
8050,0.09717490287745992,0.00016,0.5215470337172349,0.7325680932799975
8100,0.09703002579261859,0.00016,0.5210793004333973,0.7321383677224318
8150,0.09690974032506347,0.00016,0.5206757746736208,0.7315483725269636
8200,0.09678924931709965,0.00016,0.5200553886691729,0.7310689719617367
8250,0.09674593398099145,0.00016,0.519851920525233,0.7311170793175698
8300,0.09661388089631995,0.00016,0.5195585185289383,0.7309644259810447
8350,0.09659316307802995,0.00016,0.5193494723439217,0.731213648935159
8400,0.09646502248073617,0.00016,0.5188772334655126,0.730890815347433
8450,0.09643883386502664,0.00016,0.5189012561837832,0.731523689121008
8500,0.0962777037769556,0.00016,0.5183538725475471,0.7305320331056913
8550,0.09609010140473644,0.00016,0.517710557003816,0.7297561259468397
8600,0.09573205233116945,0.00016,0.5165972436368466,0.7280904835263888
8650,0.09559669445579251,0.00016,0.5162681121329467,0.7278883453210195
8700,0.09536922889699538,0.00016,0.5154062843223413,0.7266050796707472
8750,0.09522512840355436,0.00016,0.5147767017285029,0.7257749143540859
8800,0.09503215291847786,0.00016,0.5140542942583561,0.7244560515979925
8850,0.09474499782919883,0.00016,0.5130493597090244,0.7231692146162192
8900,0.09457877198358376,0.00016,0.5124577611486117,0.7223447256187598
8950,0.09438084397589167,0.00016,0.5120077913502852,0.7218691961566607
9000,0.09438469271982709,0.00016,0.5118544345200062,0.7217405252158642
9050,0.09444272263844808,0.00016,0.5119719123244285,0.7221208286980788
9100,0.09439313991367818,0.00016,0.5117840883831183,0.7214124085406463
9150,0.09415604326998193,0.00016,0.5110257639288902,0.7200975982745489
9200,0.09394193667173385,0.00016,0.5100389927426974,0.7181833471953869
9250,0.09369993478432298,0.00016,0.5089427598516146,0.7161858668625355
9300,0.0935058762319386,0.00016,0.5083758539756139,0.7151605848670006
9350,0.0933179768162469,0.00016,0.5077632953325908,0.7146201342443625
9400,0.0930474607385695,0.00016,0.5069397961397966,0.7132010896205903
9450,0.09297263513008754,0.00016,0.5067350185414156,0.7127124457259972
9500,0.09280234868824482,0.00016,0.5061173795163632,0.7112319006323814
9550,0.09251161562403043,0.00016,0.504992628455162,0.7091229036549727
9600,0.09235831293215355,0.00016,0.5044105450809002,0.7077744865914186
9650,0.09219516247883439,0.00016,0.5039439191520214,0.7068275557557742
9700,0.0920521679756542,0.00016,0.5036025421222051,0.706531095256408
9750,0.09182985735312105,0.00016,0.5028049063583215,0.7050172048012415
9800,0.09159086623787879,0.00016,0.502057911247015,0.7037920750280221
9850,0.09142946870500843,0.00016,0.5013610023359457,0.702973273853461
9900,0.09123811487977704,0.00016,0.5009285887678464,0.7023562398552895
9950,0.09090875696266691,0.00016,0.49997231175502144,0.7009117281536261
10000,0.09077323819200198,0.00012800000000000002,0.4994530742863814,0.6999263286689917
10050,0.09060321035111944,0.00012800000000000002,0.4987350467642148,0.698823204100132
10100,0.09039479231834412,0.00012800000000000002,0.4982224767009417,0.6979690039058526
10150,0.09015494589631756,0.00012800000000000002,0.4975631274779638,0.6969222315947214
10200,0.08994570263351004,0.00012800000000000002,0.4968425508538882,0.6959061982830366
10250,0.08955284864703814,0.00012800000000000002,0.4954424379368623,0.6934161503414313
10300,0.08924185960491499,0.00012800000000000002,0.4943550918201606,0.6912935575544834
10350,0.08909196645021439,0.00012800000000000002,0.4937975033124288,0.690003991385301
10400,0.08895418709143996,0.00012800000000000002,0.49317475627859436,0.6889659252961476
10450,0.08878160612160961,0.00012800000000000002,0.4927476913829644,0.6887578973770142
10500,0.08844740266352892,0.00012800000000000002,0.49160904476046563,0.6866007050077121
10550,0.08821428168813387,0.00012800000000000002,0.49073584191997843,0.6853757431109746
10600,0.08818846715365847,0.00012800000000000002,0.4901754837532838,0.6839855363269647
10650,0.08797183368727565,0.00012800000000000002,0.4893281790912151,0.6825374344388644
10700,0.08782809149598082,0.00012800000000000002,0.4886512994368871,0.6813940100967885
10750,0.08772681899989644,0.00012800000000000002,0.48800833815336225,0.6804289910892646
10800,0.08750328214590748,0.00012800000000000002,0.48725817292928697,0.67938605594635
10850,0.08742975040649374,0.00012800000000000002,0.48672062559922535,0.6786746281584104
10900,0.0872736273345848,0.00012800000000000002,0.48611920889218646,0.6778719419240952
10950,0.08700463118900856,0.00012800000000000002,0.485126566896836,0.6759819276134174
11000,0.08688731579110026,0.00012800000000000002,0.48459168273210523,0.6749807804922263
11050,0.086782972017924,0.00012800000000000002,0.48401914491256076,0.6738667293588321
11100,0.08670916621138652,0.00012800000000000002,0.48368424835801127,0.6738836408952872
11150,0.0866286645643413,0.00012800000000000002,0.48320445827643077,0.6734850357969602
11200,0.08661027810101708,0.00012800000000000002,0.4829941857655843,0.6734476013481617
11250,0.08649696120247245,0.00012800000000000002,0.4824855098426342,0.6722503336866696
11300,0.08643504686901966,0.00012800000000000002,0.48191462163130444,0.6709448796411356
11350,0.08636838884775837,0.00012800000000000002,0.4815653552611669,0.6701675125360489
11400,0.08619500292340915,0.00012800000000000002,0.4806802116036415,0.6681456988751888
11450,0.08593564141914248,0.00012800000000000002,0.47975408868988356,0.6664736307164033
11500,0.08581026797244946,0.00012800000000000002,0.4792326810657978,0.6658801924685637
11550,0.08564701792101065,0.00012800000000000002,0.4784174256225427,0.6644074252446492
11600,0.08567764373620351,0.00012800000000000002,0.4782792948087056,0.664403448065122
11650,0.08546247858305772,0.00012800000000000002,0.4773791956404845,0.6630324729283651
11700,0.0854600518035392,0.00012800000000000002,0.4774280499815941,0.6635112333695093
11750,0.08535977624853452,0.00012800000000000002,0.47696849358081816,0.6623373835285504
11800,0.08534126142288248,0.00012800000000000002,0.4767123107810815,0.6620564606189728
11850,0.08537234480554859,0.00012800000000000002,0.4767996297478676,0.662200712720553
11900,0.08536960420509179,0.00012800000000000002,0.4767870866060257,0.6626919669210911
11950,0.08533607097839316,0.00012800000000000002,0.4763785933852196,0.6620468667447567
12000,0.08525738401462635,0.00012800000000000002,0.4759335432151953,0.6616205586194992
12050,0.0850311891771853,0.00012800000000000002,0.47500137346982957,0.6599627179205417
12100,0.08487500669186314,0.00012800000000000002,0.47432995537916817,0.6594117846488953
12150,0.08480832571412127,0.00012800000000000002,0.4738531068265438,0.6588118946055571
12200,0.08489977074041963,0.00012800000000000002,0.474144143730402,0.6602825302879015
12250,0.08491895426685611,0.00012800000000000002,0.47436668969194096,0.6612982122898102
12300,0.08496704732378324,0.00012800000000000002,0.47432951789100963,0.6619088016351065
12350,0.08504835653677582,0.00012800000000000002,0.4745141654610634,0.6621560359497866
12400,0.08492803144703309,0.00012800000000000002,0.4739978461563587,0.661610346664985
12450,0.08490103271479409,0.00012800000000000002,0.47373321306705474,0.6615378126502037
12500,0.08496090196321408,0.00012800000000000002,0.47376230530937513,0.6619411246677239
12550,0.08493974921976527,0.00012800000000000002,0.4736965611080329,0.6623577027420203
12600,0.08479246037950118,0.00012800000000000002,0.4730102990567684,0.66119085936745
12650,0.08475775854537884,0.00012800000000000002,0.47282842827836674,0.6612318232357502
12700,0.08453286646554868,0.00012800000000000002,0.47193250476320586,0.6595543270309766
12750,0.0845178043047587,0.00012800000000000002,0.47160357861717545,0.6589826883375645
12800,0.08452134992430607,0.00012800000000000002,0.4714698013563951,0.6588686801890532
12850,0.08432761250063776,0.00012800000000000002,0.4708068036536376,0.6576123879651229
12900,0.08428108517080546,0.00012800000000000002,0.4704792839288712,0.6572855571905772
12950,0.08422572558497389,0.00012800000000000002,0.4703177196383476,0.6571863801181317
13000,0.08425612003232041,0.00012800000000000002,0.4703994538486004,0.6575921983420849
13050,0.0841743017025292,0.00012800000000000002,0.4701921880543232,0.6576159818470478
13100,0.08428562152261536,0.00012800000000000002,0.470374009937048,0.6584638595978419
13150,0.08443321879208088,0.00012800000000000002,0.4705631128251553,0.6589413872261842
13200,0.08462421721965074,0.00012800000000000002,0.4708719848593076,0.6596699728369713
13250,0.0847631088445584,0.00012800000000000002,0.4712192137936751,0.6604121193687121
13300,0.08486208812271555,0.00012800000000000002,0.47155128744244573,0.6614459669689338
13350,0.08486339244122307,0.00012800000000000002,0.4715698210696379,0.6617191515167554
13400,0.0849158202894032,0.00012800000000000002,0.47195775670806567,0.6627942115962505
13450,0.08503690403824052,0.00012800000000000002,0.47212003082036974,0.6632165907919407
13500,0.08523100670675436,0.00012800000000000002,0.4726003689666589,0.6646795099675655
13550,0.08528478635971745,0.00012800000000000002,0.47266223341226576,0.6646751828591029
13600,0.08532400240500768,0.00012800000000000002,0.4729436596532663,0.665690806388855
13650,0.08535151884829005,0.00012800000000000002,0.4729560543795427,0.6661841569542885
13700,0.08556305087233583,0.00012800000000000002,0.47362274449070296,0.6679675364295642
13750,0.08559973493466774,0.00012800000000000002,0.4738351611594359,0.6684553402165572
13800,0.08573240762328108,0.00012800000000000002,0.4740995935300986,0.6692171506385008
13850,0.08574125660707553,0.00012800000000000002,0.4741668123304844,0.6698288582464059
13900,0.08577005604033669,0.00012800000000000002,0.47412015853325523,0.6697345297137897
13950,0.08578807465235393,0.00012800000000000002,0.4742779856423537,0.6707870930631955
14000,0.08590523045510054,0.00012800000000000002,0.4745744747519493,0.6719345637659232
14050,0.08599636774261793,0.00012800000000000002,0.47484737340609234,0.6728162726263205
14100,0.08599468879153331,0.00012800000000000002,0.4747225415011247,0.6728924731711546
14150,0.08602741579214732,0.00012800000000000002,0.47477532850702603,0.6732652394274871
14200,0.08592741959542036,0.00012800000000000002,0.4745097261369228,0.6726264480650425
14250,0.08598348291094104,0.00012800000000000002,0.47466463295618694,0.6733896725376447
14300,0.08594923786694805,0.00012800000000000002,0.47447896328568456,0.6735212068557739
14350,0.08596264652286967,0.00012800000000000002,0.47433812961975735,0.6737972500224908
14400,0.0860252115453283,0.00012800000000000002,0.474581204811732,0.674511352131764
14450,0.08614009036496281,0.00012800000000000002,0.4748905306259791,0.6754102818866571
14500,0.08622524622951945,0.00012800000000000002,0.4750182052453359,0.6757871420880158
14550,0.08628850184256832,0.00012800000000000002,0.4752792850633462,0.6766640367905299
14600,0.08625010734672348,0.00012800000000000002,0.4751011787056923,0.6762626886963844
14650,0.08634666363149882,0.00012800000000000002,0.47553235869606336,0.6771700086196264
14700,0.08640529797971248,0.00012800000000000002,0.4754584904909134,0.6772909330725669
14750,0.08646323530375957,0.00012800000000000002,0.4756987408796946,0.6784267420470714
14800,0.08634620789811015,0.00012800000000000002,0.4754772897064686,0.6783233986993631
14850,0.08640410072480639,0.00012800000000000002,0.47536196184158325,0.6782899418274562
14900,0.08644044149046143,0.00012800000000000002,0.47535854986310005,0.6785760905047258
14950,0.08650561932846904,0.00012800000000000002,0.47545713489254315,0.6795552567740282
15000,0.08657749808455507,0.00010240000000000002,0.47555542969703674,0.6799515533745288
15050,0.0866992000627021,0.00010240000000000002,0.4758644168674946,0.6806011850039164
15100,0.08668925459434589,0.00010240000000000002,0.47573918001850446,0.6802035678724447
15150,0.0865608742746214,0.00010240000000000002,0.47523653456568715,0.679320580035448
15200,0.08636271830896536,0.00010240000000000002,0.4745697257220745,0.6776803380548954
15250,0.08632541537905733,0.00010240000000000002,0.47441756999492646,0.6773411186734836
15300,0.08618965604901314,0.00010240000000000002,0.4741594696044922,0.6766753785908223
15350,0.08614592206726472,0.00010240000000000002,0.4738200355668863,0.6763053359190623
15400,0.08605381590376297,0.00010240000000000002,0.4734779178500175,0.6759836758772532
15450,0.08593430030345917,0.00010240000000000002,0.4730254698693752,0.6751292253037294
15500,0.08586931749929984,0.00010240000000000002,0.472578080534935,0.674477985839049
15550,0.08582267355794708,0.00010240000000000002,0.4721892000933488,0.6737038801213105
15600,0.08584313988561432,0.00010240000000000002,0.4721839561661085,0.6744281166195869
15650,0.08587915715451042,0.00010240000000000002,0.47205771030982335,0.6745067501664161
15700,0.08603127047171195,0.00010240000000000002,0.47238102917869884,0.6754471924801667
15750,0.08604088643565774,0.00010240000000000002,0.47243900602062544,0.6762266320685546
15800,0.0859922365968426,0.00010240000000000002,0.4721592969795068,0.6758724959989388
15850,0.08602119814852874,0.00010240000000000002,0.47211233753959336,0.6761925662755967
15900,0.08608192676181595,0.00010240000000000002,0.4721524896025658,0.6767438079615434
15950,0.08620654882366459,0.00010240000000000002,0.47207379259665805,0.6767647917469343
16000,0.0863097758119305,0.00010240000000000002,0.4722331946293513,0.6773978424072266
16050,0.08638986432800691,0.00010240000000000002,0.47215039864182473,0.6772701155742009
16100,0.086314111225307,0.00010240000000000002,0.4718311943411827,0.676494054098924
16150,0.08640665274858475,0.00010240000000000002,0.47193727146585784,0.6770675850411256
16200,0.08622679744412502,0.00010240000000000002,0.471391955246528,0.6762036532759667
16250,0.08616976744184891,0.00010240000000000002,0.4710693984230359,0.6761198533475399
16300,0.08615148993829887,0.00010240000000000002,0.47076507956782976,0.675632737805446
16350,0.08618192404011886,0.00010240000000000002,0.470523259917895,0.6753397729098797
16400,0.08610496691614389,0.00010240000000000002,0.4699022229512533,0.673964949597915
16450,0.08600303802515069,0.00010240000000000002,0.4694722058773041,0.6730403420428435
16500,0.08585799230386813,0.00010240000000000002,0.46892255733410515,0.6718419983287652
16550,0.08582636364797751,0.00010240000000000002,0.4688557360569636,0.6720474698940913
16600,0.08580552571142713,0.00010240000000000002,0.4686459667980671,0.6716116475264231
16650,0.08568871016427874,0.00010240000000000002,0.46802464242776237,0.6702362382908662
16700,0.08540590154627958,0.00010240000000000002,0.4669050919810931,0.6679406043787798
16750,0.0853903119067351,0.00010240000000000002,0.4666159084737301,0.6674130322039127
16800,0.08545137276748817,0.00010240000000000002,0.4665178399781386,0.6670830413897832
16850,0.08540911582112312,0.00010240000000000002,0.4662347164551417,0.6664766583144665
16900,0.0855035562540094,0.00010240000000000002,0.4665742500225703,0.6673666310509045
16950,0.08555131397396326,0.00010240000000000002,0.46654604164759317,0.6669193339745204
17000,0.08538552143548926,0.00010240000000000002,0.46592811951041224,0.6653988922039668
17050,0.08522023818393548,0.00010240000000000002,0.4653454928795497,0.6642247934242089
17100,0.08527938458199302,0.00010240000000000002,0.46554351796706517,0.6646565822064876
17150,0.08528827872251471,0.00010240000000000002,0.46534286510944367,0.6643736249307791
17200,0.0853038098278145,0.00010240000000000002,0.46532631251215933,0.6649114179511865
17250,0.08529214202985168,0.00010240000000000002,0.46515662931402524,0.6650834727883339
17300,0.08531730833277107,0.00010240000000000002,0.4651526847481728,0.665299271196127
17350,0.08533370047186811,0.00010240000000000002,0.4651971937318643,0.6652265693942706
17400,0.0853207433844606,0.00010240000000000002,0.46507065976659456,0.6653725820581118
17450,0.08544036083295942,0.00010240000000000002,0.46527215842405956,0.6660355993409951
17500,0.08545185163120429,0.00010240000000000002,0.4650824621617794,0.665892293771108
17550,0.08551793649420142,0.00010240000000000002,0.4649359981417656,0.6655321843723456
17600,0.08554682793219884,0.00010240000000000002,0.4649515978395939,0.6657062837282817
17650,0.08548884311318397,0.00010240000000000002,0.4645167311032613,0.664881913870573
17700,0.08534435688207546,0.00010240000000000002,0.4641077855130037,0.6639347732861837
17750,0.08526772549251715,0.00010240000000000002,0.4635886498391628,0.6626477230290572
17800,0.0853687602840364,0.00010240000000000002,0.4636462737619877,0.6628202342092991
17850,0.08530727134396633,0.00010240000000000002,0.46355848394831023,0.6631786783536275
17900,0.08526751991113027,0.00010240000000000002,0.4634520813425382,0.6629821722408136
17950,0.0851871923096478,0.00010240000000000002,0.4632224317193031,0.6624439986944198
18000,0.08504090452939272,0.00010240000000000002,0.4628379133840402,0.661659207046032
18050,0.08503438325847189,0.00010240000000000002,0.46258095010121664,0.6616395399570465
18100,0.08497781931236387,0.00010240000000000002,0.46231597621242204,0.661524613271157
18150,0.08515574135507147,0.00010240000000000002,0.46286270132660867,0.6627317716181278
18200,0.08531554089859128,0.00010240000000000002,0.46319380034009616,0.6633747207125028
18250,0.0853369717883567,0.00010240000000000002,0.463090612868468,0.6632374630669753
18300,0.08532682407523196,0.00010240000000000002,0.4627631801068783,0.6624955646296342
18350,0.08540194458390275,0.00010240000000000002,0.4629391708076,0.6629047866066297
18400,0.08554469228784244,0.00010240000000000002,0.46302428857485456,0.662563690930605
18450,0.08575028307363391,0.00010240000000000002,0.46346210765838625,0.6638741483092307
18500,0.08566654000182947,0.00010240000000000002,0.46308627584576606,0.6629573437869549
18550,0.08574392247696717,0.00010240000000000002,0.46334628545244533,0.6637885391314824
18600,0.08590033303201199,0.00010240000000000002,0.46378611158331234,0.6642873522937298
18650,0.08589726127311588,0.00010240000000000002,0.46377034653226534,0.6639978609879812
18700,0.08589890322585901,0.00010240000000000002,0.46379191788037616,0.6642018855015437
18750,0.08598619158814351,0.00010240000000000002,0.46390676989158,0.6642452411154905
18800,0.0860658057567974,0.00010240000000000002,0.46409370426336927,0.6645693633655707
18850,0.08613400100668271,0.00010240000000000002,0.46418191310763357,0.6646827996571859
18900,0.08620305583626033,0.00010240000000000002,0.4643197358349959,0.6648557170232137
18950,0.08620685793086887,0.00010240000000000002,0.4644621669650078,0.6652133395671844
19000,0.08614447638516624,0.00010240000000000002,0.4641169828871886,0.6643526888887088
19050,0.08618154459695021,0.00010240000000000002,0.4643224136531353,0.6649316462477048
19100,0.08641452804704507,0.00010240000000000002,0.46494557986656826,0.666341215411822
19150,0.0862928929142654,0.00010240000000000002,0.464661088903745,0.6659053004582723
19200,0.08634971354777614,0.00010240000000000002,0.46469147682189943,0.6659555086990198
19250,0.0863691691942513,0.00010240000000000002,0.46471877094109854,0.6657750659286976
19300,0.0864850953767697,0.00010240000000000002,0.4650665834347407,0.6666945438981057
19350,0.0866397929477195,0.00010240000000000002,0.4654907994369666,0.6678796300590039
19400,0.08685239615663887,0.00010240000000000002,0.46606022170186046,0.6694055283466975
19450,0.08694971635192633,0.00010240000000000002,0.4663281474014123,0.6704306310812632
19500,0.08713234159350396,0.00010240000000000002,0.4669144784708818,0.6719310739040375
19550,0.08710309426486493,0.00010240000000000002,0.4666375042994817,0.671400674968958
19600,0.08705174603809913,0.00010240000000000002,0.4663831571141879,0.6715495318273703
19650,0.08711467381194234,0.00010240000000000002,0.4667233841617902,0.6724569047093392
19700,0.08717879493658741,0.00010240000000000002,0.4668003226617972,0.6725049876372019
19750,0.08719331446662545,0.00010240000000000002,0.4668085373044014,0.6727111315925915
19800,0.0870840921488901,0.00010240000000000002,0.46664052573839826,0.6725920331180095
19850,0.08705340308820209,0.00010240000000000002,0.46649329546093943,0.6721295237541198
19900,0.08697415248801312,0.00010240000000000002,0.4660924927095572,0.6710053083002567
19950,0.08688531424974402,0.00010240000000000002,0.4656640834112962,0.6702863953808943
20000,0.08691105381399393,8.192000000000003e-05,0.4658135960102081,0.671087150067091
20050,0.0869400569833815,8.192000000000003e-05,0.46583782095710435,0.6717690835793813
20100,0.08675372796008984,8.192000000000003e-05,0.4650259121954441,0.6700645233988762
20150,0.08655535630633433,8.192000000000003e-05,0.464530694882075,0.6689400981763999
20200,0.08655658571422101,8.192000000000003e-05,0.4645377546946208,0.6688430588444074
20250,0.0864037270223101,8.192000000000003e-05,0.46406300930182137,0.667897785971562
20300,0.0864126688092947,8.192000000000003e-05,0.46400867982705435,0.6681470872461795
20350,0.08637642040724555,8.192000000000003e-05,0.4636645529568195,0.6679485727349918
20400,0.086367313614736,8.192000000000003e-05,0.4636391730606556,0.668437443703413
20450,0.08628761814162135,8.192000000000003e-05,0.46336686714490255,0.6679494610528152
20500,0.08619570212562878,8.192000000000003e-05,0.4630980032483737,0.6675656771262487
20550,0.08597340334579348,8.192000000000003e-05,0.4625806847413381,0.6664381496210893
20600,0.0858088241716226,8.192000000000003e-05,0.4620343708197276,0.6654654253919919
20650,0.08576804114629825,8.192000000000003e-05,0.4616803389489651,0.665184266636769
20700,0.08577761215468248,8.192000000000003e-05,0.4617942580282688,0.6657532577613989
20750,0.08581199308112264,8.192000000000003e-05,0.4617672277490298,0.6660630622009436
20800,0.08562869804476698,8.192000000000003e-05,0.4612171750764052,0.6649119571149349
20850,0.08563707306236029,8.192000000000003e-05,0.46100532507896425,0.6642040321032207
20900,0.08569890657439828,8.192000000000003e-05,0.46091430631279945,0.6639707911709944
20950,0.08573593657836318,8.192000000000003e-05,0.4610725171665351,0.6641937245925268
21000,0.0857683327520887,8.192000000000003e-05,0.46116096978386245,0.6645829034348328
21050,0.08577693852658073,8.192000000000003e-05,0.4612352192898591,0.6647636047701041
21100,0.08587275993575652,8.192000000000003e-05,0.4614683374663194,0.6652647442718347
21150,0.08576243822897474,8.192000000000003e-05,0.4609821263452371,0.664464286416769
21200,0.08563317034393549,8.192000000000003e-05,0.46066719206174217,0.6641310554146767
21250,0.08572544177994132,8.192000000000003e-05,0.4608823858996232,0.6647664052049319
21300,0.08577063389867544,8.192000000000003e-05,0.4609652052223682,0.6653684486548106
21350,0.08569315980374813,8.192000000000003e-05,0.46074897241592405,0.665393402993679
21400,0.08557573148235678,8.192000000000003e-05,0.4605806248486042,0.66535425294439
21450,0.08549310961241523,8.192000000000003e-05,0.4603219618300597,0.6649708382487297
21500,0.08555048681919773,8.192000000000003e-05,0.46046511639157933,0.6656970337728659
21550,0.08547079994902015,8.192000000000003e-05,0.46027450493971506,0.6654905015230179
21600,0.08534875394776463,8.192000000000003e-05,0.45980421684185663,0.6649058831135432
21650,0.08529996858661373,8.192000000000003e-05,0.4594678690036138,0.6644896920323372
21700,0.08514672699198127,8.192000000000003e-05,0.4589220934510231,0.6631698465148608
21750,0.08507620976368586,8.192000000000003e-05,0.4586756928165754,0.6627433950603008
21800,0.08497839482997854,8.192000000000003e-05,0.45840475352605187,0.662344099342823
21850,0.08486708435540398,8.192000000000003e-05,0.45811739550034203,0.6616360013385614
21900,0.08471629330143332,8.192000000000003e-05,0.457690053443114,0.6606392308473586
21950,0.08461204295232892,8.192000000000003e-05,0.45736608026425046,0.6600325059890747
22000,0.08456411820774277,8.192000000000003e-05,0.45722338305910426,0.6600655071039995
22050,0.08461535728474458,8.192000000000003e-05,0.45723567471901577,0.6601329302291076
22100,0.08440569976593057,8.192000000000003e-05,0.4565040613611539,0.6590669780870279
22150,0.08438118382170796,8.192000000000003e-05,0.4563377758363883,0.6592148102025192
22200,0.08434504424283902,8.192000000000003e-05,0.45606720621387165,0.6588220100303491
22250,0.08427796677251657,8.192000000000003e-05,0.45582109382748603,0.6587290604313215
22300,0.08408741413553555,8.192000000000003e-05,0.4552517532904943,0.6576853237549464
22350,0.08399943113327027,8.192000000000003e-05,0.4548827049732208,0.6571187829275926
22400,0.08384107734511297,8.192000000000003e-05,0.4543577822347482,0.6558418131868045
22450,0.08371501965324084,8.192000000000003e-05,0.4538839125732581,0.6547538965145747
22500,0.08356819322581092,8.192000000000003e-05,0.45351279550790785,0.6536616965631644
22550,0.08367105166614056,8.192000000000003e-05,0.45378406905134516,0.6541241998871168
22600,0.08352778446798523,8.192000000000003e-05,0.4532983788450559,0.6530610002279281
22650,0.08350162803505858,8.192000000000003e-05,0.452999010682106,0.6524748009741306
22700,0.08342929673939943,8.192000000000003e-05,0.4527775689959526,0.6524574800829093
22750,0.08324614253515998,8.192000000000003e-05,0.4523260818223159,0.6517542604704698
22800,0.08327814867844184,8.192000000000003e-05,0.4522010865012805,0.6514725030461948
22850,0.0832230419665575,8.192000000000003e-05,0.45222906494140624,0.6518130426605543
22900,0.08316048177580039,8.192000000000003e-05,0.45194260314106943,0.6520343722403049
22950,0.08322100822627544,8.192000000000003e-05,0.4520713106393814,0.6525766848623753
23000,0.08326587199171384,8.192000000000003e-05,0.45211247145136196,0.652587002158165
23050,0.0833127802213033,8.192000000000003e-05,0.4520408065815767,0.6524707783559958
23100,0.08340295975406965,8.192000000000003e-05,0.4522481987377008,0.6529374833206336
23150,0.08350769703090191,8.192000000000003e-05,0.4524535915950934,0.6535360172490279
23200,0.08354656287655235,8.192000000000003e-05,0.45242474756638207,0.6536787045796713
23250,0.08360764634609222,8.192000000000003e-05,0.4524987846712271,0.6535742098987103
23300,0.08342522319282095,8.192000000000003e-05,0.45197491970658304,0.6523281167149544
23350,0.08346664233629902,8.192000000000003e-05,0.45217809411883353,0.6528049762348334
23400,0.08348545438547929,8.192000000000003e-05,0.4521165548066298,0.6521510084768136
23450,0.08349536887183785,8.192000000000003e-05,0.45221183745066323,0.6522728454569976
23500,0.08362000305950641,8.192000000000003e-05,0.4525151476462682,0.6530856718619664
23550,0.0838131347199281,8.192000000000003e-05,0.4529626348912716,0.6546279475688934
23600,0.08404061193888386,8.192000000000003e-05,0.45349846248825393,0.6556869879364967
23650,0.0840853482435147,8.192000000000003e-05,0.453758815407753,0.6561726769904296
23700,0.08412919124960899,8.192000000000003e-05,0.4537765674293041,0.6560949448843797
23750,0.08412854900583625,8.192000000000003e-05,0.45380506151914596,0.6562388120790322
23800,0.08427569873631001,8.192000000000003e-05,0.4541522450149059,0.6570494098464648
23850,0.08424266140535473,8.192000000000003e-05,0.4541370147069295,0.6572083085378011
23900,0.08409912826120854,8.192000000000003e-05,0.45378849606712657,0.6567673839628696
23950,0.08403523282210032,8.192000000000003e-05,0.45349470103780426,0.6560873412291209
24000,0.08400320542479554,8.192000000000003e-05,0.4532811137139797,0.655878344575564
24050,0.08395225246374806,8.192000000000003e-05,0.4530483003258705,0.6554243611892064
24100,0.08381825813526908,8.192000000000003e-05,0.45268106865882873,0.6548168369730314
24150,0.08380232529342174,8.192000000000003e-05,0.4526840040187041,0.6551306830644608
24200,0.08381723451366027,8.192000000000003e-05,0.45247907571991286,0.6548792087336381
24250,0.08376869336888194,8.192000000000003e-05,0.45236088859041534,0.6549905548592408
24300,0.08361562770356734,8.192000000000003e-05,0.4518367287417253,0.65399041685462
24350,0.08367306457459926,8.192000000000003e-05,0.4519475893676281,0.6540430993239085
24400,0.08359261238450805,8.192000000000003e-05,0.4517445992032687,0.6536648453275362
24450,0.08352240775028864,8.192000000000003e-05,0.45135364775856335,0.653006913214922
24500,0.083418130500863,8.192000000000003e-05,0.45112105267246566,0.6524661143024763
24550,0.08342372774332761,8.192000000000003e-05,0.4509968121647835,0.6519589039186636
24600,0.08345523031800986,8.192000000000003e-05,0.4511234797537327,0.6525284657378991
24650,0.08344688992450634,8.192000000000003e-05,0.4512752574880918,0.6527163067559402
24700,0.08360691737383603,8.192000000000003e-05,0.4516296883523464,0.6538150397936503
24750,0.08353748629118006,8.192000000000003e-05,0.4513512929677963,0.6534101377427578
24800,0.08359478097036481,8.192000000000003e-05,0.45158052929242454,0.6541558934648831
24850,0.08362411303197344,8.192000000000003e-05,0.45152048443754517,0.6539769425193469
24900,0.08360464752217134,8.192000000000003e-05,0.4513940203587214,0.6538267828623454
24950,0.0837239232112964,8.192000000000003e-05,0.45171696762243907,0.6548050109744072
25000,0.08368830257157485,6.553600000000003e-05,0.45173878769079845,0.6550561161835988
25050,0.08366990011185407,6.553600000000003e-05,0.4516363550325235,0.6552012666960557
25100,0.08363419242948293,6.553600000000003e-05,0.4516953656375408,0.6555007541378339
25150,0.08356830551226933,6.553600000000003e-05,0.4514033893942833,0.6546675770580769
25200,0.08361211017891765,6.553600000000003e-05,0.45156704422831534,0.6550590837299823
25250,0.08368683466066917,6.553600000000003e-05,0.4516892020801703,0.6553038123647372
25300,0.08368394662564,6.553600000000003e-05,0.4515851072271665,0.6551556981603305
25350,0.08348705456033349,6.553600000000003e-05,0.4511660198966662,0.6546326701740424
25400,0.08338635379324356,6.553600000000003e-05,0.45082301447788875,0.6542210513850053
25450,0.08337632721165816,6.553600000000003e-05,0.4507414107918739,0.6539379463295142
25500,0.0833991397768259,6.553600000000003e-05,0.45037023932735126,0.6534603395561377
25550,0.08326295813545585,6.553600000000003e-05,0.44995831402142844,0.6531807934145133
25600,0.08321902061502139,6.553600000000003e-05,0.4499606255292892,0.6532409569521745
25650,0.08312078558777769,6.553600000000003e-05,0.4497880652844906,0.6534068472186725
25700,0.0831274962251385,6.553600000000003e-05,0.44983466453353566,0.6536089417338371
25750,0.08318313920249541,6.553600000000003e-05,0.4500069837172826,0.6539612188339233
25800,0.08311632739628355,6.553600000000003e-05,0.4499587367872397,0.6543371907273928
25850,0.08304905128106475,6.553600000000003e-05,0.44960797199606894,0.6535894768536091
25900,0.08299089397614201,6.553600000000003e-05,0.44948132303357125,0.6534458670814832
25950,0.08297137832765777,6.553600000000003e-05,0.44949540638923646,0.6536846471031507
26000,0.08292839103812973,6.553600000000003e-05,0.44930341610312463,0.6535323650042216
26050,0.08292697144672274,6.553600000000003e-05,0.44936777582764625,0.6536478392680486
26100,0.0829200066179037,6.553600000000003e-05,0.4494058959086736,0.6541632757683595
26150,0.08298852629090349,6.553600000000003e-05,0.4495471363266309,0.6547391166985035
26200,0.08291651381428043,6.553600000000003e-05,0.44925792344411214,0.6542555567721526
26250,0.08289976993203163,6.553600000000003e-05,0.4492483491798242,0.6545362668832143
26300,0.08296319009860356,6.553600000000003e-05,0.4494852377176285,0.6552904344995817
26350,0.08286645721644163,6.553600000000003e-05,0.449129976272583,0.6547303691804409
26400,0.0827746891354521,6.553600000000003e-05,0.4488550158639749,0.6546603821416696
26450,0.08264207781727115,6.553600000000003e-05,0.44825187226136526,0.6535558813313643
26500,0.08254864608868956,6.553600000000003e-05,0.44792386777202287,0.6528916221062342
26550,0.08242133057241638,6.553600000000003e-05,0.44754153047998746,0.6521270225743453
26600,0.08240307602286338,6.553600000000003e-05,0.44738377499580384,0.6517669643163682
26650,0.08241258293390274,6.553600000000003e-05,0.4472938586771488,0.6519536105791728
26700,0.08237087827920914,6.553600000000003e-05,0.4469772024154663,0.6512281238337357
26750,0.08230467391634981,6.553600000000003e-05,0.44675218644738196,0.6510092794299126
26800,0.08228541593129436,6.553600000000003e-05,0.4464914450844129,0.6507034010092417
26850,0.08231639235715071,6.553600000000003e-05,0.4463495360215505,0.650870492130518
26900,0.08234773977721731,6.553600000000003e-05,0.4463938077390194,0.6515245175758998
26950,0.08247362098097802,6.553600000000003e-05,0.4467385341227055,0.6527795793811481
27000,0.08246537845085064,6.553600000000003e-05,0.4466824761927128,0.6524251136183739
27050,0.08251667419572671,6.553600000000003e-05,0.446882084240516,0.6527444435258707
27100,0.08261714158952237,6.553600000000003e-05,0.4470919033189615,0.6534468781352043
27150,0.08264717556536198,6.553600000000003e-05,0.4471407442688942,0.6536450962225596
27200,0.08253874028722445,6.553600000000003e-05,0.44697915540138883,0.6535690087179343
27250,0.0824627968966961,6.553600000000003e-05,0.4465372592707475,0.6525777663588523
27300,0.08251366899907589,6.553600000000003e-05,0.44657738067706426,0.6529589852790038
27350,0.0824056332645317,6.553600000000003e-05,0.44631370346744853,0.6528786681294442
27400,0.08258618164807557,6.553600000000003e-05,0.4465648159782092,0.6537036961019039
27450,0.0825811609464387,6.553600000000003e-05,0.44648325597246485,0.6536007160445054
27500,0.0826235531680286,6.553600000000003e-05,0.44652666608492536,0.6539792084991932
27550,0.08263724522665143,6.553600000000003e-05,0.44639248779416085,0.6543640947739283
27600,0.08263154021278024,6.553600000000003e-05,0.4461747855941455,0.6540525348683198
27650,0.08263540173942845,6.553600000000003e-05,0.44594160981973013,0.6539774424334367
27700,0.0825249749707679,6.553600000000003e-05,0.4456288086473942,0.6533606873750687
27750,0.08256459831694762,6.553600000000003e-05,0.44588389818867047,0.6541635618110497
27800,0.082618580168734,6.553600000000003e-05,0.445774338722229,0.6540462837219239
27850,0.08267461056013901,6.553600000000003e-05,0.445887846271197,0.6546986535886924
27900,0.08278820511698723,6.553600000000003e-05,0.44600929961601893,0.6550694480538368
27950,0.08277463610097766,6.553600000000003e-05,0.4457267052233219,0.6543939225971699
28000,0.08277269891401132,6.553600000000003e-05,0.44548493029673897,0.6538480172355969
28050,0.08268339464689295,6.553600000000003e-05,0.4452884213825067,0.6535067044695219
28100,0.08283748287210861,6.553600000000003e-05,0.44548162403702735,0.6539552364448706
28150,0.0828913214057684,6.553600000000003e-05,0.4456570260624091,0.6542177354892095
28200,0.08283683748419086,6.553600000000003e-05,0.4457244008878867,0.6547257875104745
28250,0.08295698232576251,6.553600000000003e-05,0.4458150399128596,0.6550550462007523
28300,0.08296129813914498,6.553600000000003e-05,0.4459188584089279,0.6552262355486552
28350,0.08304476943736275,6.553600000000003e-05,0.4460385508139928,0.6553039950529734
28400,0.08310120490690072,6.553600000000003e-05,0.44628488262494403,0.6559880582491556
28450,0.08319604157904784,6.553600000000003e-05,0.4464509593645732,0.6565646067162355
28500,0.0831599059527119,6.553600000000003e-05,0.4464420637389024,0.6566790667871634
28550,0.0832676061578095,6.553600000000003e-05,0.4464959132273992,0.6567512161930402
28600,0.08341970565915108,6.553600000000003e-05,0.4469201931556066,0.6577685965994994
28650,0.08358885136495034,6.553600000000003e-05,0.44728801761070885,0.6583111632565657
28700,0.08368318018813928,6.553600000000003e-05,0.44746359210213027,0.658815487096707
28750,0.08373999385535717,6.553600000000003e-05,0.4474484149217606,0.6592675748765469
28800,0.08376055807371935,6.553600000000003e-05,0.4472823121945063,0.6587296695311864
28850,0.08397079514712096,6.553600000000003e-05,0.4476763947109381,0.6599101602435112
28900,0.08412808777640263,6.553600000000003e-05,0.4480200587610404,0.6608743623097738
28950,0.08420742604508996,6.553600000000003e-05,0.44800477371613184,0.6608609277407328
29000,0.08430227491632104,6.553600000000003e-05,0.4482252044181029,0.6613790428042412
29050,0.084376502259324,6.553600000000003e-05,0.4483190030157566,0.6615447026789189
29100,0.08437790340681871,6.553600000000003e-05,0.44834450124700864,0.6616681586205959
29150,0.0844535227517287,6.553600000000003e-05,0.4484449744919936,0.6618970243235429
29200,0.08447026887908578,6.553600000000003e-05,0.4483763288060824,0.6621178622941176
29250,0.0844101918997864,6.553600000000003e-05,0.448070571343104,0.6614529649317265
29300,0.08454538512478273,6.553600000000003e-05,0.4483495253523191,0.6622285021543503
29350,0.08457839258015155,6.553600000000003e-05,0.4483676501015822,0.6624503061076006
29400,0.0845963836076359,6.553600000000003e-05,0.4484284083346526,0.6625781108836333
29450,0.08479216852908333,6.553600000000003e-05,0.44891307516892753,0.6638814082145691
29500,0.08493866962318619,6.553600000000003e-05,0.44940354995926224,0.665195252319177
29550,0.0850011285468936,6.553600000000003e-05,0.44955546129743257,0.6653613497614861
29600,0.08494720995798707,6.553600000000003e-05,0.4494078992406527,0.6656217376391093
29650,0.0849383102854093,6.553600000000003e-05,0.4494084650079409,0.665589031000932
29700,0.08485565505921841,6.553600000000003e-05,0.44923526802659036,0.6657507782379786
29750,0.08490732325116793,6.553600000000003e-05,0.44940397260586423,0.6662913784484068
29800,0.0849210479085644,6.553600000000003e-05,0.44958636204401653,0.6670578251183032
29850,0.0849940246368448,6.553600000000003e-05,0.4499163161615531,0.6677787761390209
29900,0.08504686600714922,6.553600000000003e-05,0.450015105197827,0.6679072069227695
29950,0.08497073910137018,6.553600000000003e-05,0.4496578467190266,0.6670018516878287
30000,0.08500817611813545,5.242880000000003e-05,0.4497345753312111,0.6674124312996864
30050,0.08506910740335782,5.242880000000003e-05,0.4498383716444174,0.6682713157037894
30100,0.08494800724337498,5.242880000000003e-05,0.44958920658628143,0.6677906373341879
30150,0.08490956753989061,5.242880000000003e-05,0.4494476105173429,0.6676489160259564
30200,0.0848959680137535,5.242880000000003e-05,0.449206792652607,0.667453142931064
30250,0.08483931718394161,5.242880000000003e-05,0.4490863384703795,0.6676220456560453
30300,0.08481728746493658,5.242880000000003e-05,0.44902849571903547,0.6674092308382193
30350,0.08489132505779465,5.242880000000003e-05,0.4489416125615438,0.6668473231494427
30400,0.08482447061811885,5.242880000000003e-05,0.4488168637752533,0.6664191039601962
30450,0.08482214112207294,5.242880000000003e-05,0.4487275585035483,0.6664904524087906
30500,0.08475321684281031,5.242880000000003e-05,0.44845749136805535,0.6660317704081535
30550,0.08469943233082691,5.242880000000003e-05,0.44834161740541456,0.665793107966582
30600,0.08464249779035647,5.242880000000003e-05,0.44821486273407934,0.6653916601836681
30650,0.08460337297121684,5.242880000000003e-05,0.44803047554691633,0.6651958298186461
30700,0.08456216661135356,5.242880000000003e-05,0.4478808347483476,0.6650356626311938
30750,0.08466701860850057,5.242880000000003e-05,0.44788286910454433,0.6650292139748732
30800,0.08461544181282321,5.242880000000003e-05,0.4477109230160713,0.6648934163351854
30850,0.08456588134914636,5.242880000000003e-05,0.44757881306608516,0.6648911834955216
30900,0.08453486625850201,5.242880000000003e-05,0.4475673751334349,0.6654321171045303
30950,0.08451609011242787,5.242880000000003e-05,0.4474853523572286,0.6657800151904424
31000,0.084523262159278,5.242880000000003e-05,0.4476047656238079,0.6664532897969087
31050,0.08459130207945903,5.242880000000003e-05,0.44773404067754746,0.6668702119092147
31100,0.08456398851424456,5.242880000000003e-05,0.44762915605306625,0.6664684560398261
31150,0.08456632990886767,5.242880000000003e-05,0.44762661738197007,0.6670734944542249
31200,0.08448585971072316,5.242880000000003e-05,0.44727887948354084,0.6663903833925724
31250,0.08437212041765452,5.242880000000003e-05,0.4469888225793838,0.6657294064859549
31300,0.0843808369860053,5.242880000000003e-05,0.4468757107357184,0.6656896308362484
31350,0.08435609087472161,5.242880000000003e-05,0.44670783905188244,0.6655620052119096
31400,0.08439266965165734,5.242880000000003e-05,0.4467963048418363,0.6660757013261318
31450,0.08435690229386092,5.242880000000003e-05,0.44674316158890726,0.6663257497151692
31500,0.08436477644493183,5.242880000000003e-05,0.4469241518378258,0.6669879810114702
31550,0.0842694604570667,5.242880000000003e-05,0.44677168994148575,0.6668442415992419
31600,0.08414550166452925,5.242880000000003e-05,0.4462051036755244,0.6656950956185659
31650,0.08402136948828896,5.242880000000003e-05,0.4457668736775716,0.664793836325407
31700,0.08391156821573774,5.242880000000003e-05,0.44548889339963593,0.6641960000296434
31750,0.08396386707946658,5.242880000000003e-05,0.44541377396384874,0.6635220482150713
31800,0.08401305557663243,5.242880000000003e-05,0.44556312878926596,0.6641818462709586
31850,0.0839250537181894,5.242880000000003e-05,0.4452099401454131,0.6633619640171527
31900,0.08376477875436346,5.242880000000003e-05,0.44477444035808245,0.6623578668137391
31950,0.08360446567709247,5.242880000000003e-05,0.4442995042006175,0.6615105152130127
32000,0.08343074247489372,5.242880000000003e-05,0.4436383548974991,0.6601474577685197
32050,0.08328585714598497,5.242880000000003e-05,0.4431893223524094,0.6591486289401849
32100,0.08321581627056003,5.242880000000003e-05,0.44289088376363117,0.6586040161748727
32150,0.08307019857689739,5.242880000000003e-05,0.44258481975396474,0.6578398161331812
32200,0.08307567121709386,5.242880000000003e-05,0.44259033516049384,0.6579178655048211
32250,0.08303335094948609,5.242880000000003e-05,0.4425775352319082,0.6579658922453722
32300,0.08294477817912896,5.242880000000003e-05,0.4422746622959773,0.6575433878501257
32350,0.08290119343996048,5.242880000000003e-05,0.4421385106841723,0.6572262607216836
32400,0.08292470460260908,5.242880000000003e-05,0.44193167489767077,0.6571487638453642
32450,0.0826928733040889,5.242880000000003e-05,0.4413160768250624,0.6556263525585333
32500,0.08252322049811482,5.242880000000003e-05,0.44070959226290385,0.6541188360850017
32550,0.08256399119769534,5.242880000000003e-05,0.44080815015236535,0.6553586467206478
32600,0.08258231607452035,5.242880000000003e-05,0.44086299307147664,0.6556247249543666
32650,0.08253591637810072,5.242880000000003e-05,0.4406370778679848,0.6552164535820484
32700,0.08268486087520917,5.242880000000003e-05,0.4406648961106936,0.6553944060405096
32750,0.08264787872259816,5.242880000000003e-05,0.4404723994632562,0.6550512062311172
32800,0.0825548379321893,5.242880000000003e-05,0.4400625687539578,0.6541592156887055
32850,0.08235394039005041,5.242880000000003e-05,0.43959779795010884,0.6530614086886247
32900,0.08238613571847478,5.242880000000003e-05,0.43954319079717,0.6529463199079036
32950,0.08243438386172056,5.242880000000003e-05,0.43966082233190534,0.6532154446840286
33000,0.08248122718309363,5.242880000000003e-05,0.43966331549485527,0.6533130139609178
33050,0.08242462976276875,5.242880000000003e-05,0.43948098622759185,0.6529245574076971
33100,0.08265762900188565,5.242880000000003e-05,0.4400088635881742,0.6544513999422391
33150,0.08269756614913543,5.242880000000003e-05,0.44009081342816353,0.6547435649335385
33200,0.08278930834184091,5.242880000000003e-05,0.4403843497534593,0.6553270189960798
33250,0.0828288017300268,5.242880000000003e-05,0.44037519802649816,0.6552140183548133
33300,0.0828060461655259,5.242880000000003e-05,0.4402684955596924,0.6550327307979266
33350,0.08281277743726968,5.242880000000003e-05,0.4402783970832825,0.6555293451050918
33400,0.08287682842711608,5.242880000000003e-05,0.44041655255357426,0.6559940616985163
33450,0.08284510692954064,5.242880000000003e-05,0.4403292099336783,0.6559478183686733
33500,0.08287335363030433,5.242880000000003e-05,0.44050421874721846,0.6565207889179389
33550,0.08293306136255463,5.242880000000003e-05,0.44073298791050913,0.6569646533628305
33600,0.08288258724225064,5.242880000000003e-05,0.44043379033605257,0.6568223427335421
33650,0.08294406885591646,5.242880000000003e-05,0.44055180288354556,0.6571737035413583
33700,0.08313778323618075,5.242880000000003e-05,0.44092657598853113,0.6580801605383555
33750,0.08300969451479613,5.242880000000003e-05,0.4405924357175827,0.6575073883930842
33800,0.08305909480961661,5.242880000000003e-05,0.4407283537884553,0.6580810703436534
33850,0.08309040038722257,5.242880000000003e-05,0.44073267944653827,0.6582307984530926
33900,0.0831727175693959,5.242880000000003e-05,0.4409349096119404,0.6588841728965441
33950,0.08313230844773352,5.242880000000003e-05,0.44089064302047093,0.6587577130496501
34000,0.08305758535924057,5.242880000000003e-05,0.4405504344503085,0.6580562137166659
34050,0.08295296552218497,5.242880000000003e-05,0.44034582590063415,0.6577586823503176
34100,0.0829485995626698,5.242880000000003e-05,0.4403402926226457,0.6581245597998301
34150,0.08293834348209202,5.242880000000003e-05,0.4402513921260834,0.6577575083871683
34200,0.08303994713909923,5.242880000000003e-05,0.440482743948698,0.6584234953423341
34250,0.08303025904359917,5.242880000000003e-05,0.44057807382941244,0.6591023441056411
34300,0.08296566763830682,5.242880000000003e-05,0.4402946820159753,0.6585910085539023
34350,0.08305572218261659,5.242880000000003e-05,0.44053268548846247,0.6592607746124267
34400,0.08295827780353526,5.242880000000003e-05,0.4401075977782408,0.6584384471078714
34450,0.08307118807050089,5.242880000000003e-05,0.4403382272919019,0.6591926982104779
34500,0.08315941371830801,5.242880000000003e-05,0.44043089320262274,0.6597262457509836
34550,0.08317658537067472,5.242880000000003e-05,0.44040859341621397,0.6597259629865487
34600,0.08334580240088205,5.242880000000003e-05,0.4406712346076965,0.6603864190379779
34650,0.08332471937996645,5.242880000000003e-05,0.44064690950512886,0.6604730083247026
34700,0.08341291856703659,5.242880000000003e-05,0.4407818461557229,0.6609098786115646
34750,0.08334933256916702,5.242880000000003e-05,0.44068632090091703,0.6613109881679217
34800,0.08329162956339617,5.242880000000003e-05,0.4404977372487386,0.6605930944780508
34850,0.08320442096330226,5.242880000000003e-05,0.4403820641040802,0.6608641684949398
34900,0.08325552947012087,5.242880000000003e-05,0.44052885020772614,0.6611618807613849
34950,0.08338350373071929,5.242880000000003e-05,0.4409301522870859,0.6622629515429338
35000,0.08349177825140457,4.1943040000000025e-05,0.4413788375755151,0.6635255393783251
35050,0.083583198716864,4.1943040000000025e-05,0.44159372316797574,0.6642226079603036
35100,0.08364883897888163,4.1943040000000025e-05,0.44175581095616023,0.6646079464256763
35150,0.08361991020850837,4.1943040000000025e-05,0.4415839114089807,0.6645688926478227
35200,0.08360713977428774,4.1943040000000025e-05,0.44158079468210537,0.6649425584673881
35250,0.0836821366964529,4.1943040000000025e-05,0.44169570836424826,0.6655901879270871
35300,0.08359550095163286,4.1943040000000025e-05,0.4414029790361722,0.6651097574532032
35350,0.08356207734532654,4.1943040000000025e-05,0.44130651862422626,0.6651437668999036
35400,0.08346168201602995,4.1943040000000025e-05,0.4410191295246283,0.6643679348429045
35450,0.0834769420257459,4.1943040000000025e-05,0.4409569938778877,0.664734910796086
35500,0.0836166103153179,4.1943040000000025e-05,0.441303232918183,0.6657971065839131
35550,0.08361726764775812,4.1943040000000025e-05,0.4412654204964638,0.6654837173819542
35600,0.08361886290150385,4.1943040000000025e-05,0.4413064333498478,0.6655084196229776
35650,0.08347978047840297,4.1943040000000025e-05,0.4409036971429984,0.6648409353693326
35700,0.08334394579815368,4.1943040000000025e-05,0.440704930216074,0.6644460425575575
35750,0.08333738085441292,4.1943040000000025e-05,0.4406255872944991,0.6642786990106105
35800,0.08340963541405896,4.1943040000000025e-05,0.4408158379594485,0.6646744658052921
35850,0.08346328113538523,4.1943040000000025e-05,0.44072903609275815,0.6647164300878843
35900,0.08348382082643609,4.1943040000000025e-05,0.4407006679773331,0.6647501684129238
35950,0.08337964362837375,4.1943040000000025e-05,0.44031277412176134,0.6639751769403617
36000,0.08328678699893256,4.1943040000000025e-05,0.440152271181345,0.6639547763566176
36050,0.08330901145376265,4.1943040000000025e-05,0.4400340575973193,0.663863187889258
36100,0.08301031826622784,4.1943040000000025e-05,0.43932044197122255,0.6621582468748093
36150,0.08299665023821096,4.1943040000000025e-05,0.4390210536122322,0.6618175663252671
36200,0.08294174086861313,4.1943040000000025e-05,0.4387712270915508,0.6613896983762582
36250,0.08284110181219875,4.1943040000000025e-05,0.4386369733313719,0.6613870812753836
36300,0.0829452340596666,4.1943040000000025e-05,0.43883370048801107,0.6619688383837541
36350,0.08281350431529184,4.1943040000000025e-05,0.43847790306806567,0.6612637218932311
36400,0.08273523217377564,4.1943040000000025e-05,0.43830994053681693,0.6611956468721231
36450,0.08277452180224161,4.1943040000000025e-05,0.4384559914668401,0.6616097730994225
36500,0.08283791910173992,4.1943040000000025e-05,0.43852681559324264,0.6617425143420697
36550,0.08278282437783976,4.1943040000000025e-05,0.4382043809791406,0.661381669729948
36600,0.08281881157432994,4.1943040000000025e-05,0.43830181257923445,0.6613659067352613
36650,0.08276825274775426,4.1943040000000025e-05,0.4381370181639989,0.6613307261665662
36700,0.08264156254132589,4.1943040000000025e-05,0.43791956021388373,0.6611758377850055
36750,0.0826774406246841,4.1943040000000025e-05,0.438007649431626,0.6615506384372711
36800,0.08271815809234977,4.1943040000000025e-05,0.4378425154387951,0.6613072188993295
36850,0.08275528315703073,4.1943040000000025e-05,0.43788040315111476,0.6613163768053055
36900,0.08266101378574968,4.1943040000000025e-05,0.43748197667797406,0.660442391773065
36950,0.08263862243294716,4.1943040000000025e-05,0.4373712033530076,0.6602928487062454
37000,0.0827464698702097,4.1943040000000025e-05,0.4375807492335637,0.6606079534391562
37050,0.08272146157051126,4.1943040000000025e-05,0.43736842620372773,0.6602376943926016
37100,0.0827201429133614,4.1943040000000025e-05,0.4373362753589948,0.6604196704129378
37150,0.08278591491530339,4.1943040000000025e-05,0.43734382319450377,0.6608392515480518
37200,0.082805805152903,4.1943040000000025e-05,0.43733784019947053,0.6613286784986655
37250,0.0827836380402247,4.1943040000000025e-05,0.4371163803040981,0.6606796017885208
37300,0.08292409110938509,4.1943040000000025e-05,0.4374928970237573,0.6618720204631487
37350,0.08293388151749968,4.1943040000000025e-05,0.43738597990075745,0.6616302793125312
37400,0.08309374903266628,4.1943040000000025e-05,0.43785475817322733,0.6628468628724417
37450,0.08287079222748676,4.1943040000000025e-05,0.43729797075192134,0.6615789326032003
37500,0.08286650600284338,4.1943040000000025e-05,0.4373130279779434,0.6615198179185391
37550,0.08287988404681285,4.1943040000000025e-05,0.437338908880949,0.6617150947749615
37600,0.08280119404693445,4.1943040000000025e-05,0.43727004727721214,0.6618762528399627
37650,0.0828207457785805,4.1943040000000025e-05,0.4372803631623586,0.6622054343124231
37700,0.08269457789262136,4.1943040000000025e-05,0.43699540173014007,0.6619801149765651
37750,0.0826694248256584,4.1943040000000025e-05,0.4369210805793603,0.6620311563909054
37800,0.08270526681840419,4.1943040000000025e-05,0.43701766152183213,0.6624538458983104
37850,0.08280608155205846,4.1943040000000025e-05,0.43717850094040234,0.6630101698040962
37900,0.08288251455997428,4.1943040000000025e-05,0.43709435642759004,0.6631759774386883
37950,0.08273885753378273,4.1943040000000025e-05,0.43672472415367763,0.6625698250432809
38000,0.08270816808193922,4.1943040000000025e-05,0.4365408053596814,0.6625790007015069
38050,0.08274140496924519,4.1943040000000025e-05,0.43650831187764805,0.662877983858188
38100,0.08277133777737618,4.1943040000000025e-05,0.4364516652723153,0.6631442539989948
38150,0.08279189845795433,4.1943040000000025e-05,0.4364576914211114,0.6633666944702467
38200,0.08276594551155965,4.1943040000000025e-05,0.4363734953502814,0.6631142866114775
38250,0.08278583840404947,4.1943040000000025e-05,0.43618257145086925,0.6627152409950892
38300,0.08289480929325024,4.1943040000000025e-05,0.43636775798598926,0.6628851450681686
38350,0.08296872460469604,4.1943040000000025e-05,0.436543473025163,0.6637893260022004
38400,0.08308950203905503,4.1943040000000025e-05,0.4368993004560471,0.6646192635397117
38450,0.08324634234855573,4.1943040000000025e-05,0.43720136194427806,0.6655213845173518
38500,0.08312986792127292,4.1943040000000025e-05,0.4369002738992373,0.6648031263450781
38550,0.0830495846097668,4.1943040000000025e-05,0.4366023043294748,0.6638741304079692
38600,0.08300957928473751,4.1943040000000025e-05,0.4364550913870335,0.6639439090391
38650,0.08309518008803328,4.1943040000000025e-05,0.4367254786690076,0.6646387794315815
38700,0.08316499665379525,4.1943040000000025e-05,0.4368078751663367,0.6650218833784263
38750,0.08312631519138813,4.1943040000000025e-05,0.43669177265961967,0.6649185190697511
38800,0.08304751811424892,4.1943040000000025e-05,0.4364844868481159,0.6645177224576473
38850,0.08303783979763588,4.1943040000000025e-05,0.4366097827454408,0.6646300332645575
38900,0.08302713779111703,4.1943040000000025e-05,0.43665933441122373,0.6650396621227265
38950,0.0831515594633917,4.1943040000000025e-05,0.4369139209787051,0.6660038834810257
39000,0.08318364483490587,4.1943040000000025e-05,0.4368742219309012,0.6659793887734413
39050,0.08315299962585171,4.1943040000000025e-05,0.43682695680856704,0.6659403248528639
39100,0.08329742529864112,4.1943040000000025e-05,0.43704069156448044,0.66654502688845
39150,0.08325254001965125,4.1943040000000025e-05,0.4371250967284044,0.6666610592206319
39200,0.08336926210423311,4.1943040000000025e-05,0.4375142357548078,0.6678124911089738
39250,0.08341242970029512,4.1943040000000025e-05,0.4375243962407112,0.6672532644470532
39300,0.08339234078923861,4.1943040000000025e-05,0.43737967309355735,0.6672719181378682
39350,0.0834277102847894,4.1943040000000025e-05,0.4374917893608411,0.6674008728563785
39400,0.08345338612422347,4.1943040000000025e-05,0.43738304982582726,0.66749541263779
39450,0.08345595289642613,4.1943040000000025e-05,0.4373383594155312,0.6674241863489151
39500,0.08343379761030277,4.1943040000000025e-05,0.4371964752972126,0.6672281534274419
39550,0.08349379011119405,4.1943040000000025e-05,0.4373553740084171,0.6676325084964434
39600,0.08350274853159984,4.1943040000000025e-05,0.43731848265727363,0.6678161149024964
39650,0.08364889641851186,4.1943040000000025e-05,0.4376678038438161,0.6687385139167309
39700,0.0837030947258075,4.1943040000000025e-05,0.4376978776951631,0.668817910383145
39750,0.08368761618932088,4.1943040000000025e-05,0.437562352925539,0.6684914389451345
39800,0.08355686904986699,4.1943040000000025e-05,0.4375412650605043,0.6684270846744378
39850,0.08345131702596943,4.1943040000000025e-05,0.43729822049538297,0.6680251617829005
39900,0.08345548331116637,4.1943040000000025e-05,0.43729948526620865,0.6680710051258405
39950,0.08351251108199358,4.1943040000000025e-05,0.43740651579697926,0.6685257453819116
40000,0.08348787806679805,3.355443200000002e-05,0.43738176427284875,0.6687731473545233
40050,0.0835141667711238,3.355443200000002e-05,0.43742266145348546,0.6690557971199353
40100,0.0835613037707905,3.355443200000002e-05,0.43750075019399326,0.6694142920772235
40150,0.08361047976091504,3.355443200000002e-05,0.43777842178940773,0.6700952235162259
40200,0.08355882132301728,3.355443200000002e-05,0.43752935686707495,0.6690799846053124
40250,0.08351555463920037,3.355443200000002e-05,0.4374503700832526,0.6691493491431078
40300,0.08340202819680174,3.355443200000002e-05,0.43714422937234243,0.6687696959177653
40350,0.08323346235354741,3.355443200000002e-05,0.4368200591504574,0.6679893907109896
40400,0.08314654949928324,3.355443200000002e-05,0.43644922323028246,0.6669079844852288
40450,0.08318975043917695,3.355443200000002e-05,0.4364785499473413,0.6671746457914511
40500,0.08319664471720656,3.355443200000002e-05,0.43633437581857043,0.6671285497844219
40550,0.08320171696195999,3.355443200000002e-05,0.4362647552291552,0.6669925203124683
40600,0.0833058476857841,3.355443200000002e-05,0.43636449065804483,0.6672391128142675
40650,0.08325790927310785,3.355443200000002e-05,0.43611421310901644,0.6668472544153531
40700,0.08333946375921368,3.355443200000002e-05,0.4361409474114577,0.6669176763196786
40750,0.08335583049803973,3.355443200000002e-05,0.4361112238268057,0.6667363907694817
40800,0.08329367382700245,3.355443200000002e-05,0.4360367672642072,0.6670950675408045
40850,0.08319255726287762,3.355443200000002e-05,0.43577162849903106,0.6662962026099364
40900,0.08311419394860665,3.355443200000002e-05,0.4357020162642002,0.6660136171281338
40950,0.08322196685274443,3.355443200000002e-05,0.43590232386191685,0.666651645531257
41000,0.08312372710307439,3.355443200000002e-05,0.4356369080543518,0.6657944715519746
41050,0.08302219296867648,3.355443200000002e-05,0.43550647709767026,0.6655464062690735
41100,0.08297836707284054,3.355443200000002e-05,0.4353142792085807,0.6648551923831304
41150,0.08288092101116976,3.355443200000002e-05,0.43504891070723534,0.6644985499183337
41200,0.08288216973220308,3.355443200000002e-05,0.43497347155213356,0.6642487701276938
41250,0.08286465635150671,3.355443200000002e-05,0.43507876273989676,0.6646158329745133
41300,0.08287564449757337,3.355443200000002e-05,0.4351076869269212,0.6651080591281255
41350,0.08279021276409428,3.355443200000002e-05,0.43486389831701916,0.664344735532999
41400,0.08271950389444828,3.355443200000002e-05,0.4345700745681922,0.6640027854541938
41450,0.08258408528938889,3.355443200000002e-05,0.4342444348335266,0.6630694761971633
41500,0.08267660973717769,3.355443200000002e-05,0.4344078701833884,0.6637832147379716
41550,0.08269510011623303,3.355443200000002e-05,0.43436132988333703,0.6639012673894564
41600,0.08276088145499429,3.355443200000002e-05,0.4343640593687693,0.6640441644787788
41650,0.0828039568066597,3.355443200000002e-05,0.4343176308969657,0.6636562677820523
41700,0.08279999643936753,3.355443200000002e-05,0.4344052937825521,0.6638922003308932
41750,0.08288144387925665,3.355443200000002e-05,0.43468337776263555,0.6648846111694972
41800,0.08289081752424439,3.355443200000002e-05,0.434695744484663,0.6647057729363441
41850,0.08294949583957592,3.355443200000002e-05,0.4346815529167652,0.6648389627436797
41900,0.08285760379830996,3.355443200000002e-05,0.434301028072834,0.6638636127312978
41950,0.08272003283600013,3.355443200000002e-05,0.43388490120569867,0.6631413677036763
42000,0.08272402521347007,3.355443200000002e-05,0.43382392211755116,0.6632740582029025
42050,0.08275415187701583,3.355443200000002e-05,0.4338464604715506,0.6635000700453917
42100,0.0827553067120413,3.355443200000002e-05,0.43369632030526795,0.6632436813116074
42150,0.08279453411201636,3.355443200000002e-05,0.4336134723126888,0.6630639705955982
42200,0.08274312637994687,3.355443200000002e-05,0.43331145173311236,0.6624136350353559
42250,0.08283102005595962,3.355443200000002e-05,0.4334427338341872,0.6629873721996943
42300,0.08284209516520301,3.355443200000002e-05,0.4335918129483859,0.6637181261579196
42350,0.08285236538822452,3.355443200000002e-05,0.43363471658031144,0.6642975710133712
42400,0.08283103681976596,3.355443200000002e-05,0.4336364490091801,0.6643146928946178
42450,0.08282253295555711,3.355443200000002e-05,0.43366569381952286,0.6644783068597316
42500,0.08274941360453765,3.355443200000002e-05,0.43338797424236936,0.6639172137677669
42550,0.08274252552663286,3.355443200000002e-05,0.433115935087204,0.6633267485698064
42600,0.08272791540250182,3.355443200000002e-05,0.4330832557181517,0.663129476894935
42650,0.08257516905417045,3.355443200000002e-05,0.432578650722901,0.661737233966589
42700,0.08252515680467089,3.355443200000002e-05,0.43238743363817533,0.6611536607245604
42750,0.08249393457919359,3.355443200000002e-05,0.43241753995418547,0.6615860708852609
42800,0.0824944747996827,3.355443200000002e-05,0.43227804092566174,0.6614895204106966
42850,0.0824949703514576,3.355443200000002e-05,0.4323027058939139,0.6620204561948776
42900,0.08246245803187291,3.355443200000002e-05,0.43225758480032284,0.6617837375899156
42950,0.08242652913431327,3.355443200000002e-05,0.4322226193944613,0.6618625902732214
43000,0.08235751042639215,3.355443200000002e-05,0.43202118040124576,0.6616459221839904
43050,0.08238476332152883,3.355443200000002e-05,0.43212609165906907,0.6616903593937556
43100,0.08235117065658172,3.355443200000002e-05,0.4319241761267185,0.6613318246006966
43150,0.08228322566548983,3.355443200000002e-05,0.4315134359896183,0.6605109496812026
43200,0.08236725429445504,3.355443200000002e-05,0.431642840385437,0.6610708827078342
43250,0.08240015970294674,3.355443200000002e-05,0.43190268300970397,0.6615006642440955
43300,0.08249182823424538,3.355443200000002e-05,0.43210480838020643,0.661769690344731
43350,0.08260642508293192,3.355443200000002e-05,0.43229166221618653,0.6624723748167356
43400,0.08257980337242285,3.355443200000002e-05,0.43227734965085984,0.6630757643083731
43450,0.08265308873976271,3.355443200000002e-05,0.4323046404818694,0.6626305171151956
43500,0.08259738425289591,3.355443200000002e-05,0.4321695922613144,0.661846884359916
43550,0.08266485717644294,3.355443200000002e-05,0.4322636552651723,0.6620875957310199
43600,0.08251516110946734,3.355443200000002e-05,0.4320129546423753,0.6615126097301642
43650,0.08262975446755687,3.355443200000002e-05,0.4321789020995299,0.6617094539900621
43700,0.0826647729302446,3.355443200000002e-05,0.4321752887268861,0.6617372595866521
43750,0.08263314185291529,3.355443200000002e-05,0.43202837122480076,0.6614160192708174
43800,0.08270096235722303,3.355443200000002e-05,0.43209418175617853,0.6617287599643071
43850,0.08276552550743023,3.355443200000002e-05,0.43226633937160175,0.6624699624975522
43900,0.08284260693689187,3.355443200000002e-05,0.43250473084052404,0.6632707586685817
43950,0.0827218316110472,3.355443200000002e-05,0.4320803206662337,0.6623366145690283
44000,0.08279643032203118,3.355443200000002e-05,0.4321566577156385,0.6628237648705642
44050,0.08289301155755917,3.355443200000002e-05,0.4323099993765354,0.663071180532376
44100,0.0829691890006264,3.355443200000002e-05,0.43265733566880227,0.6643232291837533
44150,0.08316924252485236,3.355443200000002e-05,0.43310664328932763,0.6649893377522628
44200,0.08318103879069288,3.355443200000002e-05,0.43304544147849083,0.6650607649584611
44250,0.08320430412888527,3.355443200000002e-05,0.432997731645902,0.6647124093472958
44300,0.08319306892032424,3.355443200000002e-05,0.43297143817941347,0.6649460271894931
44350,0.08324104025959969,3.355443200000002e-05,0.4330558139582475,0.6651646320819855
44400,0.08323336426417033,3.355443200000002e-05,0.43306350203355154,0.6650136389831702
44450,0.08334646240249276,3.355443200000002e-05,0.4332721692919731,0.6656606809298198
44500,0.08328885655725995,3.355443200000002e-05,0.4331410229901473,0.6650766708652178
44550,0.08336313273260991,3.355443200000002e-05,0.4333071402112643,0.6654356835285823
44600,0.08336388326932986,3.355443200000002e-05,0.4332650166253249,0.665297987451156
44650,0.0833839882388711,3.355443200000002e-05,0.4332430132329464,0.6655720374484857
44700,0.08337509918833773,3.355443200000002e-05,0.43306778876980145,0.6652169356743495
44750,0.08342147413517038,3.355443200000002e-05,0.43309154676397643,0.6652458511690299
44800,0.08347047283500433,3.355443200000002e-05,0.43306796247760454,0.6656519239147504
44850,0.08346877711638809,3.355443200000002e-05,0.43300389576951664,0.6657452442149321
44900,0.08360506843402982,3.355443200000002e-05,0.43330915067593256,0.6666081509192785
44950,0.08357157687470317,3.355443200000002e-05,0.43331748698155087,0.6666108174820741
45000,0.08361602415516972,2.6843545600000018e-05,0.4335517765482267,0.6671413701275984
45050,0.08354023391877612,2.6843545600000018e-05,0.4334025201102098,0.6668102022508781
45100,0.08346401411915819,2.6843545600000018e-05,0.4332010654906432,0.6661886828144391
45150,0.083568132498612,2.6843545600000018e-05,0.4334462119936943,0.6666025192737579
45200,0.08365863852947951,2.6843545600000018e-05,0.43361310684680937,0.6670063861807187
45250,0.08358382702991367,2.6843545600000018e-05,0.4332946606079737,0.6666588787337144
45300,0.08353046456600229,2.6843545600000018e-05,0.433174188186725,0.6662173221707344
45350,0.08353347885111968,2.6843545600000018e-05,0.4330708681643009,0.6657355926732222
45400,0.08343999498337508,2.6843545600000018e-05,0.43293639382719995,0.6655261241197586
45450,0.08346266013756394,2.6843545600000018e-05,0.43282715586821235,0.66532748751839
45500,0.08347510527695219,2.6843545600000018e-05,0.43279079243540763,0.6657422399222851
45550,0.08348624684289098,2.6843545600000018e-05,0.432978668709596,0.666375764409701
45600,0.08361767911041776,2.6843545600000018e-05,0.4331142815947533,0.6670152661800385
45650,0.08361985094100237,2.6843545600000018e-05,0.43317733190457025,0.6675348397990067
45700,0.08355944844707847,2.6843545600000018e-05,0.4328642731010914,0.6670579104026159
45750,0.08357495957488816,2.6843545600000018e-05,0.43281286033988,0.667110796580712
45800,0.08366994461913904,2.6843545600000018e-05,0.4329489950935046,0.6673095706899961
45850,0.08374961715439955,2.6843545600000018e-05,0.43292798699935275,0.666893486648798
45900,0.08372744964932402,2.6843545600000018e-05,0.4329565365811189,0.6674148209691048
45950,0.08367582250013947,2.6843545600000018e-05,0.4327547482351462,0.6669118805030981
46000,0.0837960148267448,2.6843545600000018e-05,0.43284722870588305,0.6669748475352923
46050,0.0837720864675939,2.6843545600000018e-05,0.4326421824892362,0.6667811545133591
46100,0.08370843915268779,2.6843545600000018e-05,0.43250642604629197,0.6662759269873301
46150,0.08361809075623751,2.6843545600000018e-05,0.4323488873541355,0.6659986985127131
46200,0.08355961817751328,2.6843545600000018e-05,0.43220022510488826,0.6657676894962787
46250,0.0835537605235974,2.6843545600000018e-05,0.431986521144708,0.6657436094780763
46300,0.08351473969345291,2.6843545600000018e-05,0.43177862669030825,0.6654364233414332
46350,0.08355727051074306,2.6843545600000018e-05,0.4316624233921369,0.6652618748148282
46400,0.08352506610006094,2.6843545600000018e-05,0.43154470140735307,0.6645345951815447
46450,0.08350551224251589,2.6843545600000018e-05,0.43171058443188665,0.6656590466201305
46500,0.08350838413337866,2.6843545600000018e-05,0.4315779946843783,0.6655614107648532
46550,0.0834041053391993,2.6843545600000018e-05,0.4313006710012754,0.6648808907071749
46600,0.08342079955836137,2.6843545600000018e-05,0.43130499398708344,0.6648903870284557
46650,0.08347264808416367,2.6843545600000018e-05,0.43157196483016014,0.6658706769148509
46700,0.0832953721943001,2.6843545600000018e-05,0.43126391810178755,0.6652876411179701
46750,0.08325796540081501,2.6843545600000018e-05,0.43125839670499166,0.6654123995999495
46800,0.08327775426333149,2.6843545600000018e-05,0.4312151377499104,0.6652566421131293
46850,0.08318409738441308,2.6843545600000018e-05,0.430924861818552,0.6645618166824182
46900,0.08307746116444469,2.6843545600000018e-05,0.4305715355972449,0.6639589882194996
46950,0.08315643578271072,2.6843545600000018e-05,0.4308677933017413,0.664891525298357
47000,0.08308883987367154,2.6843545600000018e-05,0.43086311741669975,0.6648933753172557
47050,0.08305497049167752,2.6843545600000018e-05,0.4306337541838487,0.6647104897598426
47100,0.08298044919967651,2.6843545600000018e-05,0.43025636553764346,0.6640819447139898
47150,0.08289207870016495,2.6843545600000018e-05,0.4299229775468508,0.6638559370835622
47200,0.08291110530868173,2.6843545600000018e-05,0.42993931991855305,0.6639798461198807
47250,0.08292619794855516,2.6843545600000018e-05,0.42989093482494356,0.6641085873047511
47300,0.08292155802001555,2.6843545600000018e-05,0.4298709928592046,0.663994586755832
47350,0.08291376117616892,2.6843545600000018e-05,0.42986242557565374,0.664137362152338
47400,0.0829320759649078,2.6843545600000018e-05,0.42987353085478147,0.6644629428684712
47450,0.0829578145282964,2.6843545600000018e-05,0.4298947338660558,0.6648229823013146
47500,0.08291575619702538,2.6843545600000018e-05,0.42978272421161334,0.6650417279203733
47550,0.08293871109560132,2.6843545600000018e-05,0.42974495904644333,0.6649806609153748
47600,0.08293786243597666,2.6843545600000018e-05,0.4298091578980287,0.6652731162508329
47650,0.08297236916671197,2.6843545600000018e-05,0.4298499165972074,0.6654746972322464
47700,0.08300566443180045,2.6843545600000018e-05,0.42989012411236766,0.6656959296862285
47750,0.0829108175697426,2.6843545600000018e-05,0.42952877027789754,0.6649678995509942
47800,0.08296757451569041,2.6843545600000018e-05,0.42976691723863286,0.6655562874575456
47850,0.0829440584766368,2.6843545600000018e-05,0.4297641245722771,0.6660352410276731
47900,0.08298659679914515,2.6843545600000018e-05,0.42999406453967093,0.6667541090051333
47950,0.08310205243155361,2.6843545600000018e-05,0.430113812983036,0.6668258414566517
48000,0.0830837910734117,2.6843545600000018e-05,0.4300566172301769,0.6668774266839027
48050,0.08317629731073975,2.6843545600000018e-05,0.43019549894332887,0.6671123257279397
48100,0.08324283389871319,2.6843545600000018e-05,0.43033350411057475,0.6678644115030765
48150,0.08315271721656124,2.6843545600000018e-05,0.43015144380927084,0.6677983049750328
48200,0.08306104536975424,2.6843545600000018e-05,0.43003693837920826,0.6676855811278025
48250,0.08301104712858796,2.6843545600000018e-05,0.4299504056572914,0.667561420917511
48300,0.08297539098064105,2.6843545600000018e-05,0.4297203798691432,0.6668774942159653
48350,0.08301332790404559,2.6843545600000018e-05,0.42966782693068184,0.6668810099263986
48400,0.08313309121131897,2.6843545600000018e-05,0.42983305421471596,0.667318734963735
48450,0.08312410698706905,2.6843545600000018e-05,0.42970651931564013,0.6668585459192594
48500,0.08315084526191155,2.6843545600000018e-05,0.4298279142876466,0.6666696313718955
48550,0.08314291771749656,2.6843545600000018e-05,0.4297859024008115,0.6664147826135158
48600,0.08309862419962882,2.6843545600000018e-05,0.42996099026997886,0.6669308990836144
48650,0.08307589649036527,2.6843545600000018e-05,0.429845189700524,0.6664406251211961
48700,0.08315381524711847,2.6843545600000018e-05,0.430135332018137,0.6674321238597234
48750,0.08317021841804187,2.6843545600000018e-05,0.4301071901023388,0.6672752813696862
48800,0.08315991053606073,2.6843545600000018e-05,0.4300228405892849,0.6672423504292965
